timeStamp,elapsed,label,responseCode,responseMessage,threadName,dataType,success,failureMessage,bytes,sentBytes,grpThreads,allThreads,URL,Latency,IdleTime,Connect
1715993984739,2,HTTP Request,Non HTTP response code: org.apache.http.conn.HttpHostConnectException,"Non HTTP response message: Connect to localhost:8080 [localhost/127.0.0.1, localhost/0:0:0:0:0:0:0:1] failed: Connection refused: connect",demo 1-1,text,false,,2630,0,1,1,http://localhost:8080/demo/?paramA=a&paramB=1,0,0,2
1715993984943,2,HTTP Request,Non HTTP response code: org.apache.http.conn.HttpHostConnectException,"Non HTTP response message: Connect to localhost:8080 [localhost/127.0.0.1, localhost/0:0:0:0:0:0:0:1] failed: Connection refused: connect",demo 1-1,text,false,,2630,0,1,1,http://localhost:8080/demo/?paramA=b&paramB=2,0,0,2
1715993985135,2,HTTP Request,Non HTTP response code: org.apache.http.conn.HttpHostConnectException,"Non HTTP response message: Connect to localhost:8080 [localhost/127.0.0.1, localhost/0:0:0:0:0:0:0:1] failed: Connection refused: connect",demo 1-1,text,false,,2630,0,1,1,http://localhost:8080/demo/?paramA=c&paramB=3,0,0,2
1715993985335,2,HTTP Request,Non HTTP response code: org.apache.http.conn.HttpHostConnectException,"Non HTTP response message: Connect to localhost:8080 [localhost/127.0.0.1, localhost/0:0:0:0:0:0:0:1] failed: Connection refused: connect",demo 1-1,text,false,,2630,0,1,1,http://localhost:8080/demo/?paramA=d&paramB=4,0,0,2
1715993985535,2,HTTP Request,Non HTTP response code: org.apache.http.conn.HttpHostConnectException,"Non HTTP response message: Connect to localhost:8080 [localhost/127.0.0.1, localhost/0:0:0:0:0:0:0:1] failed: Connection refused: connect",demo 1-1,text,false,,2630,0,1,1,http://localhost:8080/demo/?paramA=e&paramB=5,0,0,2
1715993985732,3,HTTP Request,Non HTTP response code: org.apache.http.conn.HttpHostConnectException,"Non HTTP response message: Connect to localhost:8080 [localhost/127.0.0.1, localhost/0:0:0:0:0:0:0:1] failed: Connection refused: connect",demo 1-1,text,false,,2630,0,1,1,http://localhost:8080/demo/?paramA=a&paramB=1,0,0,3
1715993985748,4,HTTP Request,Non HTTP response code: org.apache.http.conn.HttpHostConnectException,"Non HTTP response message: Connect to localhost:8080 [localhost/127.0.0.1, localhost/0:0:0:0:0:0:0:1] failed: Connection refused: connect",demo 1-2,text,false,,2630,0,2,2,http://localhost:8080/demo/?paramA=c&paramB=3,0,0,3
1715993985936,3,HTTP Request,Non HTTP response code: org.apache.http.conn.HttpHostConnectException,"Non HTTP response message: Connect to localhost:8080 [localhost/127.0.0.1, localhost/0:0:0:0:0:0:0:1] failed: Connection refused: connect",demo 1-1,text,false,,2630,0,2,2,http://localhost:8080/demo/?paramA=b&paramB=2,0,0,3
1715993986148,2,HTTP Request,Non HTTP response code: org.apache.http.conn.HttpHostConnectException,"Non HTTP response message: Connect to localhost:8080 [localhost/127.0.0.1, localhost/0:0:0:0:0:0:0:1] failed: Connection refused: connect",demo 1-2,text,false,,2630,0,2,2,http://localhost:8080/demo/?paramA=d&paramB=4,0,0,2
1715993986332,4,HTTP Request,Non HTTP response code: org.apache.http.conn.HttpHostConnectException,"Non HTTP response message: Connect to localhost:8080 [localhost/127.0.0.1, localhost/0:0:0:0:0:0:0:1] failed: Connection refused: connect",demo 1-1,text,false,,2630,0,2,2,http://localhost:8080/demo/?paramA=e&paramB=5,0,0,4
1715993986548,3,HTTP Request,Non HTTP response code: org.apache.http.conn.HttpHostConnectException,"Non HTTP response message: Connect to localhost:8080 [localhost/127.0.0.1, localhost/0:0:0:0:0:0:0:1] failed: Connection refused: connect",demo 1-2,text,false,,2630,0,2,2,http://localhost:8080/demo/?paramA=a&paramB=1,0,0,2
1715993986732,3,HTTP Request,Non HTTP response code: org.apache.http.conn.HttpHostConnectException,"Non HTTP response message: Connect to localhost:8080 [localhost/127.0.0.1, localhost/0:0:0:0:0:0:0:1] failed: Connection refused: connect",demo 1-1,text,false,,2630,0,2,2,http://localhost:8080/demo/?paramA=b&paramB=2,0,0,3
1715993986948,2,HTTP Request,Non HTTP response code: org.apache.http.conn.HttpHostConnectException,"Non HTTP response message: Connect to localhost:8080 [localhost/127.0.0.1, localhost/0:0:0:0:0:0:0:1] failed: Connection refused: connect",demo 1-2,text,false,,2630,0,2,2,http://localhost:8080/demo/?paramA=c&paramB=3,0,0,2
1715993987133,3,HTTP Request,Non HTTP response code: org.apache.http.conn.HttpHostConnectException,"Non HTTP response message: Connect to localhost:8080 [localhost/127.0.0.1, localhost/0:0:0:0:0:0:0:1] failed: Connection refused: connect",demo 1-1,text,false,,2630,0,2,2,http://localhost:8080/demo/?paramA=d&paramB=4,0,0,3
1715993987348,3,HTTP Request,Non HTTP response code: org.apache.http.conn.HttpHostConnectException,"Non HTTP response message: Connect to localhost:8080 [localhost/127.0.0.1, localhost/0:0:0:0:0:0:0:1] failed: Connection refused: connect",demo 1-2,text,false,,2630,0,2,2,http://localhost:8080/demo/?paramA=e&paramB=5,0,0,3
1715993987533,4,HTTP Request,Non HTTP response code: org.apache.http.conn.HttpHostConnectException,"Non HTTP response message: Connect to localhost:8080 [localhost/127.0.0.1, localhost/0:0:0:0:0:0:0:1] failed: Connection refused: connect",demo 1-1,text,false,,2630,0,2,2,http://localhost:8080/demo/?paramA=a&paramB=1,0,0,4
1715993987747,3,HTTP Request,Non HTTP response code: org.apache.http.conn.HttpHostConnectException,"Non HTTP response message: Connect to localhost:8080 [localhost/127.0.0.1, localhost/0:0:0:0:0:0:0:1] failed: Connection refused: connect",demo 1-2,text,false,,2630,0,2,2,http://localhost:8080/demo/?paramA=b&paramB=2,0,0,3
1715993987931,2,HTTP Request,Non HTTP response code: org.apache.http.conn.HttpHostConnectException,"Non HTTP response message: Connect to localhost:8080 [localhost/127.0.0.1, localhost/0:0:0:0:0:0:0:1] failed: Connection refused: connect",demo 1-1,text,false,,2630,0,2,2,http://localhost:8080/demo/?paramA=c&paramB=3,0,0,2
1715993988148,3,HTTP Request,Non HTTP response code: org.apache.http.conn.HttpHostConnectException,"Non HTTP response message: Connect to localhost:8080 [localhost/127.0.0.1, localhost/0:0:0:0:0:0:0:1] failed: Connection refused: connect",demo 1-2,text,false,,2630,0,2,2,http://localhost:8080/demo/?paramA=d&paramB=4,0,0,3
1715993988332,3,HTTP Request,Non HTTP response code: org.apache.http.conn.HttpHostConnectException,"Non HTTP response message: Connect to localhost:8080 [localhost/127.0.0.1, localhost/0:0:0:0:0:0:0:1] failed: Connection refused: connect",demo 1-1,text,false,,2630,0,2,2,http://localhost:8080/demo/?paramA=e&paramB=5,0,0,2
1715993988547,4,HTTP Request,Non HTTP response code: org.apache.http.conn.HttpHostConnectException,"Non HTTP response message: Connect to localhost:8080 [localhost/127.0.0.1, localhost/0:0:0:0:0:0:0:1] failed: Connection refused: connect",demo 1-2,text,false,,2630,0,2,2,http://localhost:8080/demo/?paramA=a&paramB=1,0,0,4
1715993988732,4,HTTP Request,Non HTTP response code: org.apache.http.conn.HttpHostConnectException,"Non HTTP response message: Connect to localhost:8080 [localhost/127.0.0.1, localhost/0:0:0:0:0:0:0:1] failed: Connection refused: connect",demo 1-1,text,false,,2630,0,2,2,http://localhost:8080/demo/?paramA=b&paramB=2,0,0,4
1715993988948,3,HTTP Request,Non HTTP response code: org.apache.http.conn.HttpHostConnectException,"Non HTTP response message: Connect to localhost:8080 [localhost/127.0.0.1, localhost/0:0:0:0:0:0:0:1] failed: Connection refused: connect",demo 1-2,text,false,,2630,0,2,2,http://localhost:8080/demo/?paramA=c&paramB=3,0,0,3
1715993989133,4,HTTP Request,Non HTTP response code: org.apache.http.conn.HttpHostConnectException,"Non HTTP response message: Connect to localhost:8080 [localhost/127.0.0.1, localhost/0:0:0:0:0:0:0:1] failed: Connection refused: connect",demo 1-1,text,false,,2630,0,2,2,http://localhost:8080/demo/?paramA=d&paramB=4,0,0,4
1715993989349,3,HTTP Request,Non HTTP response code: org.apache.http.conn.HttpHostConnectException,"Non HTTP response message: Connect to localhost:8080 [localhost/127.0.0.1, localhost/0:0:0:0:0:0:0:1] failed: Connection refused: connect",demo 1-2,text,false,,2630,0,2,2,http://localhost:8080/demo/?paramA=e&paramB=5,0,0,3
1715993989534,3,HTTP Request,Non HTTP response code: org.apache.http.conn.HttpHostConnectException,"Non HTTP response message: Connect to localhost:8080 [localhost/127.0.0.1, localhost/0:0:0:0:0:0:0:1] failed: Connection refused: connect",demo 1-1,text,false,,2630,0,2,2,http://localhost:8080/demo/?paramA=a&paramB=1,0,0,3
1715993989748,3,HTTP Request,Non HTTP response code: org.apache.http.conn.HttpHostConnectException,"Non HTTP response message: Connect to localhost:8080 [localhost/127.0.0.1, localhost/0:0:0:0:0:0:0:1] failed: Connection refused: connect",demo 1-2,text,false,,2630,0,2,2,http://localhost:8080/demo/?paramA=b&paramB=2,0,0,3
1715993989932,3,HTTP Request,Non HTTP response code: org.apache.http.conn.HttpHostConnectException,"Non HTTP response message: Connect to localhost:8080 [localhost/127.0.0.1, localhost/0:0:0:0:0:0:0:1] failed: Connection refused: connect",demo 1-1,text,false,,2630,0,2,2,http://localhost:8080/demo/?paramA=c&paramB=3,0,0,3
1715993990148,3,HTTP Request,Non HTTP response code: org.apache.http.conn.HttpHostConnectException,"Non HTTP response message: Connect to localhost:8080 [localhost/127.0.0.1, localhost/0:0:0:0:0:0:0:1] failed: Connection refused: connect",demo 1-2,text,false,,2630,0,2,2,http://localhost:8080/demo/?paramA=d&paramB=4,0,0,3
1715993990333,4,HTTP Request,Non HTTP response code: org.apache.http.conn.HttpHostConnectException,"Non HTTP response message: Connect to localhost:8080 [localhost/127.0.0.1, localhost/0:0:0:0:0:0:0:1] failed: Connection refused: connect",demo 1-1,text,false,,2630,0,2,2,http://localhost:8080/demo/?paramA=e&paramB=5,0,0,4
1715993990548,4,HTTP Request,Non HTTP response code: org.apache.http.conn.HttpHostConnectException,"Non HTTP response message: Connect to localhost:8080 [localhost/127.0.0.1, localhost/0:0:0:0:0:0:0:1] failed: Connection refused: connect",demo 1-2,text,false,,2630,0,2,2,http://localhost:8080/demo/?paramA=a&paramB=1,0,0,4
1715993990732,2,HTTP Request,Non HTTP response code: org.apache.http.conn.HttpHostConnectException,"Non HTTP response message: Connect to localhost:8080 [localhost/127.0.0.1, localhost/0:0:0:0:0:0:0:1] failed: Connection refused: connect",demo 1-1,text,false,,2630,0,2,2,http://localhost:8080/demo/?paramA=b&paramB=2,0,0,2
1715993990947,2,HTTP Request,Non HTTP response code: org.apache.http.conn.HttpHostConnectException,"Non HTTP response message: Connect to localhost:8080 [localhost/127.0.0.1, localhost/0:0:0:0:0:0:0:1] failed: Connection refused: connect",demo 1-2,text,false,,2630,0,2,2,http://localhost:8080/demo/?paramA=c&paramB=3,0,0,2
1715993991132,2,HTTP Request,Non HTTP response code: org.apache.http.conn.HttpHostConnectException,"Non HTTP response message: Connect to localhost:8080 [localhost/127.0.0.1, localhost/0:0:0:0:0:0:0:1] failed: Connection refused: connect",demo 1-1,text,false,,2630,0,2,2,http://localhost:8080/demo/?paramA=d&paramB=4,0,0,2
1715993991348,3,HTTP Request,Non HTTP response code: org.apache.http.conn.HttpHostConnectException,"Non HTTP response message: Connect to localhost:8080 [localhost/127.0.0.1, localhost/0:0:0:0:0:0:0:1] failed: Connection refused: connect",demo 1-2,text,false,,2630,0,2,2,http://localhost:8080/demo/?paramA=e&paramB=5,0,0,3
1715993991533,4,HTTP Request,Non HTTP response code: org.apache.http.conn.HttpHostConnectException,"Non HTTP response message: Connect to localhost:8080 [localhost/127.0.0.1, localhost/0:0:0:0:0:0:0:1] failed: Connection refused: connect",demo 1-1,text,false,,2630,0,2,2,http://localhost:8080/demo/?paramA=a&paramB=1,0,0,4
1715993991747,2,HTTP Request,Non HTTP response code: org.apache.http.conn.HttpHostConnectException,"Non HTTP response message: Connect to localhost:8080 [localhost/127.0.0.1, localhost/0:0:0:0:0:0:0:1] failed: Connection refused: connect",demo 1-2,text,false,,2630,0,2,2,http://localhost:8080/demo/?paramA=b&paramB=2,0,0,2
1715993991932,2,HTTP Request,Non HTTP response code: org.apache.http.conn.HttpHostConnectException,"Non HTTP response message: Connect to localhost:8080 [localhost/127.0.0.1, localhost/0:0:0:0:0:0:0:1] failed: Connection refused: connect",demo 1-1,text,false,,2630,0,2,2,http://localhost:8080/demo/?paramA=c&paramB=3,0,0,2
1715993992148,2,HTTP Request,Non HTTP response code: org.apache.http.conn.HttpHostConnectException,"Non HTTP response message: Connect to localhost:8080 [localhost/127.0.0.1, localhost/0:0:0:0:0:0:0:1] failed: Connection refused: connect",demo 1-2,text,false,,2630,0,2,2,http://localhost:8080/demo/?paramA=d&paramB=4,0,0,2
1715993992333,3,HTTP Request,Non HTTP response code: org.apache.http.conn.HttpHostConnectException,"Non HTTP response message: Connect to localhost:8080 [localhost/127.0.0.1, localhost/0:0:0:0:0:0:0:1] failed: Connection refused: connect",demo 1-1,text,false,,2630,0,2,2,http://localhost:8080/demo/?paramA=e&paramB=5,0,0,2
1715993992547,2,HTTP Request,Non HTTP response code: org.apache.http.conn.HttpHostConnectException,"Non HTTP response message: Connect to localhost:8080 [localhost/127.0.0.1, localhost/0:0:0:0:0:0:0:1] failed: Connection refused: connect",demo 1-2,text,false,,2630,0,2,2,http://localhost:8080/demo/?paramA=a&paramB=1,0,0,2
1715993992733,3,HTTP Request,Non HTTP response code: org.apache.http.conn.HttpHostConnectException,"Non HTTP response message: Connect to localhost:8080 [localhost/127.0.0.1, localhost/0:0:0:0:0:0:0:1] failed: Connection refused: connect",demo 1-1,text,false,,2630,0,2,2,http://localhost:8080/demo/?paramA=b&paramB=2,0,0,3
1715993992948,3,HTTP Request,Non HTTP response code: org.apache.http.conn.HttpHostConnectException,"Non HTTP response message: Connect to localhost:8080 [localhost/127.0.0.1, localhost/0:0:0:0:0:0:0:1] failed: Connection refused: connect",demo 1-2,text,false,,2630,0,2,2,http://localhost:8080/demo/?paramA=c&paramB=3,0,0,3
1715993993133,3,HTTP Request,Non HTTP response code: org.apache.http.conn.HttpHostConnectException,"Non HTTP response message: Connect to localhost:8080 [localhost/127.0.0.1, localhost/0:0:0:0:0:0:0:1] failed: Connection refused: connect",demo 1-1,text,false,,2630,0,2,2,http://localhost:8080/demo/?paramA=d&paramB=4,0,0,2
1715993993348,3,HTTP Request,Non HTTP response code: org.apache.http.conn.HttpHostConnectException,"Non HTTP response message: Connect to localhost:8080 [localhost/127.0.0.1, localhost/0:0:0:0:0:0:0:1] failed: Connection refused: connect",demo 1-2,text,false,,2630,0,2,2,http://localhost:8080/demo/?paramA=e&paramB=5,0,0,3
1715993993533,3,HTTP Request,Non HTTP response code: org.apache.http.conn.HttpHostConnectException,"Non HTTP response message: Connect to localhost:8080 [localhost/127.0.0.1, localhost/0:0:0:0:0:0:0:1] failed: Connection refused: connect",demo 1-1,text,false,,2630,0,2,2,http://localhost:8080/demo/?paramA=a&paramB=1,0,0,3
1715993993747,3,HTTP Request,Non HTTP response code: org.apache.http.conn.HttpHostConnectException,"Non HTTP response message: Connect to localhost:8080 [localhost/127.0.0.1, localhost/0:0:0:0:0:0:0:1] failed: Connection refused: connect",demo 1-2,text,false,,2630,0,2,2,http://localhost:8080/demo/?paramA=b&paramB=2,0,0,3
1715993993933,2,HTTP Request,Non HTTP response code: org.apache.http.conn.HttpHostConnectException,"Non HTTP response message: Connect to localhost:8080 [localhost/127.0.0.1, localhost/0:0:0:0:0:0:0:1] failed: Connection refused: connect",demo 1-1,text,false,,2630,0,2,2,http://localhost:8080/demo/?paramA=c&paramB=3,0,0,2
1715993994149,3,HTTP Request,Non HTTP response code: org.apache.http.conn.HttpHostConnectException,"Non HTTP response message: Connect to localhost:8080 [localhost/127.0.0.1, localhost/0:0:0:0:0:0:0:1] failed: Connection refused: connect",demo 1-2,text,false,,2630,0,2,2,http://localhost:8080/demo/?paramA=d&paramB=4,0,0,3
1715993994334,3,HTTP Request,Non HTTP response code: org.apache.http.conn.HttpHostConnectException,"Non HTTP response message: Connect to localhost:8080 [localhost/127.0.0.1, localhost/0:0:0:0:0:0:0:1] failed: Connection refused: connect",demo 1-1,text,false,,2630,0,2,2,http://localhost:8080/demo/?paramA=e&paramB=5,0,0,3
1715993994549,2,HTTP Request,Non HTTP response code: org.apache.http.conn.HttpHostConnectException,"Non HTTP response message: Connect to localhost:8080 [localhost/127.0.0.1, localhost/0:0:0:0:0:0:0:1] failed: Connection refused: connect",demo 1-2,text,false,,2630,0,2,2,http://localhost:8080/demo/?paramA=a&paramB=1,0,0,2
1715993994733,2,HTTP Request,Non HTTP response code: org.apache.http.conn.HttpHostConnectException,"Non HTTP response message: Connect to localhost:8080 [localhost/127.0.0.1, localhost/0:0:0:0:0:0:0:1] failed: Connection refused: connect",demo 1-1,text,false,,2630,0,1,1,http://localhost:8080/demo/?paramA=b&paramB=2,0,0,2
